name,surname,bday,univ
TATE,CHAPMAN,6/7/1995,ADMU
KYNDALL,GARRISON,10/10/1993,ADMU
APRIL,WARREN,9/3/1995,ADMU
SKYLAR,OCONNOR,9/26/1996,ADMU
ALAYA,RYAN,4/7/1996,ADMU
LAWRENCE,COHEN,5/20/1992,ADMU
MARLON,CANTU,7/17/1994,ADMU
PENELOPE,NGUYEN,4/26/1998,ADMU
CLARA,BARRERA,5/14/1996,ADMU
WILL,DICKSON,7/15/1997,ADMU
SARAI,ATKINSON,8/8/1994,ADMU
MIA,ROACH,12/25/1998,ADMU
SKYLA,JOHNSON,4/30/1998,ADMU
ELYSE,NOEL,6/5/1995,ADMU
MADISON,BURNS,4/20/1997,ADMU
LILLIANA,WARNER,3/13/1996,ADMU
BRANSON,JOYNER,6/16/1994,ADMU
STELLA,RIVAS,5/12/1996,ADMU
MARC,CLAYTON,1/5/1998,ADMU
DAX,BARNES,8/19/1994,ADMU
VANESSA,LLOYD,9/22/1998,ADMU
ERICA,CUMMINGS,2/9/1995,ADMU
CLARK,GARCIA,7/8/1998,ADMU
BRUCE,FRANCO,7/2/1992,ADMU
CHANA,COLLIER,3/28/1993,ADMU
MITCHELL,UNDERWOOD,6/14/1994,ADMU
ANNABELLE,SWEET,9/18/1995,ADMU
MORGAN,SIMS,11/12/1993,ADMU
DYLAN,HURLEY,6/18/1996,ADMU
MICHELLE,PEARSON,2/3/1994,ADMU
LILLIANNA,CERVANTES,4/11/1995,ADMU
KENZIE,CONRAD,4/20/1995,ADMU
VINCENT,WALTER,11/19/1996,ADMU
ENRIQUE,DALTON,3/11/1996,ADMU
SCARLET,MCCLAIN,6/13/1994,ADMU
ALYSON,CHURCH,4/20/1996,ADMU
ABEL,DIXON,11/9/1996,ADMU
CALLAN,MELTON,11/26/1993,ADMU
CHASE,WADE,4/13/1994,ADMU
AMYA,WILKINS,7/12/1992,ADMU
LUCIANO,MORENO,10/1/1994,ADMU
SHANIYA,PITTMAN,6/22/1994,ADMU
DANIKA,SNYDER,9/14/1996,ADMU
GRAYSON,WARD,1/11/1998,ADMU
REX,ODOM,7/27/1998,ADMU
MAKAYLA,WRIGHT,12/3/1998,ADMU
KAMRON,DOMINGUEZ,1/15/1998,ADMU
DOMINIK,KAUFMAN,2/9/1996,ADMU
KYLAN,BOOKER,5/12/1995,ADMU
DEMARCUS,MCNEIL,7/4/1997,ADMU
JAGGER,COLLIER,12/11/1996,ADMU
AMELIA,STEPHENS,7/17/1996,ADMU
HALLE,PICKETT,12/12/1998,ADMU
JADE,WORKMAN,12/27/1992,ADMU
BRYCEN,FIGUEROA,9/12/1993,ADMU
STACY,POOLE,6/15/1998,ADMU
APRIL,GIBSON,2/22/1996,ADMU
KYRA,CAIN,6/8/1994,ADMU
FABIAN,SHIELDS,1/28/1994,ADMU
ARMANDO,PICKETT,9/17/1997,ADMU
ZION,CRAFT,10/14/1992,ADMU
AYAAN,MULLINS,3/31/1996,ADMU
MARISOL,GRAHAM,2/26/1995,ADMU
TITUS,CHAVEZ,8/4/1993,ADMU
GIANCARLO,SUTTON,8/13/1997,ADMU
SEBASTIAN,SANDOVAL,2/25/1996,ADMU
MUSTAFA,ADAMS,1/3/1994,ADMU
LOGAN,SIMON,7/30/1997,ADMU
RAQUEL,KOCH,12/28/1997,ADMU
HUGO,GOMEZ,6/17/1995,ADMU
COLIN,FARRELL,4/19/1992,ADMU
YAHIR,CONLEY,5/4/1995,ADMU
CALI,STOUT,1/10/1998,ADMU
ENZO,PIERCE,10/29/1994,ADMU
MALIA,GOFF,7/19/1992,ADMU
MYLES,PALMER,5/16/1997,ADMU
BRIELLA,MONTOYA,1/7/1996,ADMU
ALESSANDRO,MACIAS,3/5/1993,ADMU
MALCOLM,CROSBY,5/24/1994,ADMU
MAKAYLA,ANDREWS,8/13/1997,ADMU
KODY,NASH,12/17/1995,ADMU
AIDAN,ANTHONY,5/9/1993,ADMU
BRENDEN,JENKINS,10/8/1992,ADMU
LEO,GUY,4/10/1992,ADMU
SIMON,WILDER,4/6/1997,ADMU
HAVEN,BLAKE,5/19/1992,ADMU
JASMIN,DOTSON,4/21/1998,ADMU
OTTO,FARLEY,3/9/1994,ADMU
NATHANAEL,FREDERICK,8/5/1994,ADMU
EMERSYN,ROMAN,3/25/1998,ADMU
SARAHI,COMPTON,8/7/1995,ADMU
STEVE,BURT,10/31/1994,ADMU
COLEMAN,STARK,8/22/1997,ADMU
MASON,BLEVINS,7/10/1997,ADMU
AYANNA,MCKNIGHT,12/6/1994,ADMU
COLE,KENT,5/12/1993,ADMU
JORDYN,MADDEN,5/29/1993,ADMU
ADELAIDE,NELSON,7/26/1996,ADMU
KINSEY,ENGLAND,8/17/1997,ADMU
ASHLYNN,DILLON,12/16/1992,ADMU
MARISSA,BRIGHT,9/5/1993,ADMU
PAISLEY,CARPENTER,6/30/1994,ADMU
ALIYAH,CARRILLO,6/1/1993,ADMU
ISHAAN,HODGES,5/25/1995,ADMU
BRODY,CARROLL,7/20/1995,ADMU
HOLLY,MCCRAY,9/7/1995,ADMU
DELILAH,LYNCH,3/30/1994,ADMU
RAYNA,ROMAN,1/23/1995,ADMU
PAYTEN,WILKINS,9/4/1994,ADMU
AMARI,OWEN,12/12/1994,ADMU
DENNIS,WARREN,10/14/1996,ADMU
PAITYN,WILCOX,12/16/1996,ADMU
JAYDIN,WHITEHEAD,7/14/1992,ADMU
ROWEN,HURLEY,7/1/1992,ADMU
EMELY,MCGOWAN,1/4/1995,ADMU
ALEXIS,SHAFFER,11/12/1997,ADMU
JAYLYN,DELACRUZ,7/29/1996,ADMU
KAELYNN,GARZA,5/10/1996,ADMU
LEANNA,FERNANDEZ,1/27/1992,ADMU
ELENA,VAUGHN,6/6/1996,ADMU
GIA,BENJAMIN,1/1/1995,ADMU
NATALIE,PARSONS,1/8/1992,ADMU
VIVIENNE,JENNINGS,7/12/1994,ADMU
KAYDEN,SMITH,12/15/1998,ADMU
LYLAH,WILDER,3/19/1995,ADMU
JAXSON,SLOAN,2/20/1993,ADMU
ROY,GRIMES,8/12/1993,ADMU
BRADYN,JACOBS,11/5/1993,ADMU
ABDIEL,HOLDEN,3/21/1997,ADMU
CECELIA,MCKNIGHT,4/24/1996,ADMU
LUCY,FOSTER,7/19/1995,ADMU
BRADLEY,GOLDEN,1/29/1998,ADMU
JORDYNN,WILCOX,12/3/1998,ADMU
JAYLYNN,SAWYER,11/17/1995,ADMU
FRANCO,BAKER,3/30/1992,ADMU
ZAIDEN,FRYE,8/9/1996,ADMU
KASON,VAUGHAN,11/1/1994,ADMU
KAYA,JACOBS,6/21/1996,ADMU
KOLBY,MCKENZIE,4/22/1993,ADMU
AYDAN,PHELPS,1/7/1995,ADMU
SALVADOR,VALDEZ,5/31/1992,ADMU
ALISSON,LIVINGSTON,7/14/1998,ADMU
EVELYNN,GAY,6/24/1994,ADMU
HAVEN,FULTON,9/18/1993,ADMU
NOAH,WADE,1/15/1994,ADMU
BRIDGER,ALVARADO,9/2/1998,ADMU
GLORIA,MALDONADO,12/7/1996,ADMU
LAYTON,SHERMAN,2/8/1994,ADMU
MALIA,HARPER,9/16/1994,ADMU
DESMOND,WILLIAMS,8/3/1992,ADMU
JAMISON,MARTIN,11/17/1994,ADMU
ANYA,STUART,8/8/1993,ADMU
ALDEN,FRANCO,2/17/1993,ADMU
DRAVEN,WORKMAN,3/8/1993,ADMU
ARMANI,DELEON,10/15/1993,ADMU
SEAN,CANNON,4/12/1993,ADMU
PAIGE,OWEN,9/5/1992,ADMU
MADELYN,JACOBS,12/15/1994,ADMU
KASEN,HYDE,4/4/1992,ADMU
TRISTIAN,BALLARD,12/21/1998,ADMU
CASEY,DAUGHERTY,1/3/1998,ADMU
STACY,STEVENS,9/14/1998,ADMU
ISHAAN,ROBERTSON,8/4/1992,ADMU
ABBEY,TODD,11/28/1995,ADMU
MOLLIE,CRAIG,3/2/1998,ADMU
ROBERT,BALL,1/17/1996,ADMU
REY,BARKER,9/1/1995,ADMU
BRYNLEE,JARVIS,6/17/1995,ADMU
FIONA,DUNCAN,11/21/1996,ADMU
EDGAR,GIBSON,11/23/1995,ADMU
SCARLET,PATTERSON,12/22/1998,ADMU
LINA,MAYS,4/13/1997,ADMU
ANNIE,CANTU,6/11/1997,ADMU
LYLAH,CARNEY,7/17/1994,ADMU
PAISLEY,OWENS,9/30/1998,ADMU
MAXX,CRAFT,3/1/1998,ADMU
CAMDEN,SHORT,10/19/1995,ADMU
JOE,MORGAN,4/8/1993,ADMU
LORENZO,KIRK,6/4/1993,ADMU
TYLER,LARA,6/19/1998,ADMU
DAMON,LEON,7/23/1992,ADMU
COEN,ONEILL,12/4/1998,ADMU
JOYCE,CORTEZ,1/30/1995,ADMU
DARWIN,DAVENPORT,6/30/1992,ADMU
AYLEEN,ELLIOTT,4/6/1996,ADMU
YOSEF,ATKINS,7/1/1996,ADMU
COOPER,CHURCH,12/4/1997,ADMU
ANDRES,YANG,12/8/1994,ADMU
KENDRA,DALTON,10/22/1993,ADMU
CLARA,SUAREZ,3/18/1997,ADMU
HARLEY,CONLEY,7/30/1992,ADMU
SAMIR,HANSEN,7/24/1993,ADMU
LEO,KERR,9/8/1993,ADMU
JOHN,FAULKNER,2/26/1997,ADMU
MATILDA,BAIRD,11/8/1993,ADMU
CRISTIAN,MCMAHON,4/8/1993,ADMU
DEBORAH,WILLIAMSON,2/8/1998,ADMU
JAYDE,CHURCH,8/28/1995,ADMU
ZAYDEN,LEACH,10/28/1996,ADMU
LAINEY,MADDOX,3/22/1994,ADMU
LUCILLE,HARRINGTON,5/26/1998,ADMU
BRISTOL,COX,1/3/1998,ADMU
CASE,BOOTH,10/5/1995,ADMU
ALVIN,DEAN,6/18/1993,ADMU
KEENAN,SALAZAR,2/21/1992,ADMU
KAMARI,FERRELL,10/14/1992,ADMU
RORY,COLEMAN,3/5/1994,ADMU
KIMBER,HAMPTON,10/15/1996,ADMU
ZANDER,BECKER,7/21/1994,ADMU
TATUM,AVILA,7/15/1993,ADMU
MESSIAH,REEVES,4/11/1996,ADMU
GILBERT,REYNOLDS,2/23/1995,ADMU
PIERRE,CRANE,8/5/1995,ADMU
AUDRIANNA,KNIGHT,10/19/1995,ADMU
ELISEO,JORDAN,8/9/1995,ADMU
PENELOPE,PATE,6/28/1992,ADMU
KENDAL,ROGERS,10/27/1998,ADMU
JACKSON,GILLIAM,1/24/1995,ADMU
JASMIN,BLACKBURN,10/12/1993,ADMU
ALEENA,RODRIGUEZ,12/24/1994,ADMU
JERMAINE,SCHULTZ,5/21/1995,ADMU
JULIE,WEBER,10/14/1995,ADMU
KYLAH,ONEAL,1/17/1996,ADMU
ZION,PUCKETT,2/8/1995,ADMU
KAMDEN,LYNN,9/14/1995,ADMU
JADEN,BLEVINS,11/9/1994,ADMU
JAY,HODGE,7/3/1997,ADMU
KENDAL,MCFADDEN,11/27/1992,ADMU
MALLORY,BRANCH,12/8/1994,ADMU
SANIYAH,DICKERSON,2/14/1993,ADMU
BRENDAN,HAYS,6/11/1998,ADMU
COOPER,MEYERS,6/26/1992,ADMU
RENEE,PEREZ,5/26/1993,ADMU
DALLAS,BARNES,4/20/1993,ADMU
ANNABELLA,LIVINGSTON,5/1/1993,ADMU
JEFFERY,DELGADO,10/11/1998,ADMU
KATIE,BUCKLEY,8/6/1997,ADMU
BLAKE,HARVEY,4/20/1994,ADMU
ZANIYAH,DODSON,4/16/1995,ADMU
MADELINE,JENNINGS,3/10/1992,ADMU
BRIDGER,HOLDEN,2/11/1996,ADMU
LEIGHA,FOREMAN,10/12/1996,ADMU
DAWSON,COLLINS,4/21/1997,ADMU
KYLA,GRAHAM,10/29/1998,ADMU
KENDAL,MASON,5/25/1994,ADMU
BRADLEY,AVILA,1/22/1995,ADMU
MAXIMUS,ASHLEY,3/23/1993,ADMU
BROOKLYNN,CANTU,11/9/1996,ADMU
LUKE,WATSON,1/27/1992,ADMU
MILLIE,MATHEWS,6/10/1992,ADMU
ZACHERY,CARPENTER,2/2/1994,ADMU
DARIO,LONG,7/31/1995,ADMU
LILIANA,CARSON,12/3/1998,ADMU
ROWAN,DECKER,9/11/1995,ADMU
REGAN,STEIN,2/18/1995,ADMU
DIYA,HEWITT,10/1/1992,ADMU
ANDERSON,BRUCE,2/5/1998,ADMU
CAMREN,BRADLEY,12/19/1992,ADMU
KAITLYNN,GREENE,9/25/1997,ADMU
DAVON,POWELL,7/31/1994,ADMU
CONNOR,HEAD,12/6/1992,ADMU
COOPER,AYERS,10/3/1992,ADMU
EVELYNN,ROMAN,10/4/1995,ADMU
MAYA,PARRISH,7/15/1998,ADMU
CARLEY,PETERS,1/19/1994,ADMU
KENLEY,MERCADO,12/29/1998,ADMU
MAKAYLA,REYES,11/29/1994,ADMU
KYSON,HAWKINS,4/30/1992,ADMU
TYRONE,HARDING,8/6/1995,ADMU
SANTIAGO,MORRISON,10/2/1993,ADMU
BRENDON,ORTEGA,5/28/1998,ADMU
AUBRI,BYERS,11/10/1996,ADMU
MARISSA,LARSON,1/31/1998,ADMU
RAVEN,BURGESS,3/30/1998,ADMU
MICAH,POLLARD,1/3/1998,ADMU
CAYLEE,HEATH,8/20/1994,ADMU
EMELIA,SAWYER,5/10/1992,ADMU
CHARLES,ALVAREZ,9/6/1996,ADMU
BRENDON,ALVARADO,10/2/1998,ADMU
LEANNA,DUFFY,3/28/1997,ADMU
SABRINA,GREEN,10/25/1996,ADMU
VIOLET,GLASS,7/2/1994,ADMU
KAMDEN,OLIVER,1/24/1998,ADMU
SIENA,FROST,5/26/1994,ADMU
SKYLAR,PRESTON,12/2/1997,ADMU
RAYMOND,MORIN,11/2/1995,ADMU
SAMSON,CARLSON,6/7/1995,ADMU
BRYCE,BOWERS,1/4/1994,ADMU
KIMBERLY,CHAMBERS,3/18/1997,ADMU
PHOENIX,ALLEN,8/22/1995,ADMU
BRYNLEE,NIELSEN,8/9/1994,ADMU
NOEMI,WILKINS,9/3/1998,ADMU
EMILY,WHITAKER,4/17/1998,ADMU
BROOKE,DRAKE,5/13/1994,ADMU
THADDEUS,PATRICK,6/30/1997,ADMU
CANNON,BROCK,4/27/1992,ADMU
CIARA,ALEXANDER,11/11/1994,ADMU
DREW,REEVES,4/20/1996,ADMU
ALEAH,BREWER,6/10/1992,ADMU
SARIYAH,COFFEY,12/30/1996,ADMU
CAMDEN,HARRIS,12/3/1996,ADMU
LILIANNA,MADDEN,11/9/1993,ADMU
TERRY,MARKS,1/21/1997,ADMU
LANCE,CONTRERAS,3/24/1993,ADMU
CECELIA,SANFORD,5/2/1997,ADMU
MALEAH,YANG,3/26/1996,ADMU
DRAKE,JACOBSON,2/11/1998,ADMU
SARAH,FISHER,1/17/1992,ADMU
BRAYLEE,STOUT,4/17/1993,ADMU
JULIANA,KELLY,6/18/1998,ADMU
BLAZE,WORKMAN,10/16/1998,ADMU
LEWIS,TODD,8/16/1998,ADMU
HANK,CAMPBELL,7/17/1996,ADMU
PABLO,PAYNE,11/2/1997,ADMU
EDITH,MIRANDA,3/17/1995,ADMU
RANDALL,YANG,2/7/1996,ADMU
LILIA,ROSA,7/19/1997,ADMU
JESSIE,ROBERTSON,4/29/1993,ADMU
SCARLET,GRIFFITH,5/17/1992,ADMU
KAYDEN,FOX,2/27/1992,ADMU
SINCERE,PAYNE,2/14/1993,ADMU
LUKA,FARRELL,12/27/1997,ADMU
DARIUS,NEAL,4/4/1992,ADMU
MILLER,TORRES,5/21/1997,ADMU
JAZLYNN,DANIEL,2/11/1997,ADMU
JERIMIAH,DONALDSON,5/29/1994,ADMU
JUSTUS,COTE,11/21/1995,ADMU
QUINTON,CARLSON,11/21/1992,ADMU
JORDEN,COMPTON,6/25/1994,ADMU
KIERAN,COOKE,3/6/1993,ADMU
JEREMY,WILLIAMSON,12/8/1997,ADMU
JADEN,CLARK,12/17/1998,ADMU
AMERICA,GONZALES,5/5/1998,ADMU
TANNER,NELSON,2/20/1995,ADMU
MELISSA,MCCOY,3/20/1995,ADMU
EMANUEL,JONES,1/26/1995,ADMU
ARIA,VILLARREAL,11/27/1998,ADMU
CEDRIC,VELAZQUEZ,10/31/1996,ADMU
DERRICK,SWEET,3/25/1998,ADMU
JOSHUA,BOONE,10/3/1992,ADMU
CHANEL,SAUNDERS,7/8/1994,ADMU
REAGAN,GRIFFITH,9/28/1994,ADMU
JOVANNI,HENDRICKS,1/17/1997,ADMU
SEBASTIAN,KRAMER,9/19/1994,ADMU
MIGUEL,HENSON,4/2/1998,ADMU
FINLEY,ENGLAND,7/31/1996,ADMU
ALISON,BERNARD,6/12/1993,ADMU
CALI,MAYNARD,7/12/1997,ADMU
TIA,BROOKS,8/5/1992,ADMU
MUHAMMAD,BECKER,11/14/1994,ADMU
MIRIAM,GENTRY,7/24/1992,ADMU
LINCOLN,RICHMOND,2/26/1994,ADMU
REID,SWEENEY,11/20/1994,ADMU
GIA,ABBOTT,4/28/1997,ADMU
DENISE,ROBERTS,2/6/1996,ADMU
LACEY,FLEMING,5/4/1992,ADMU
IMANI,LOGAN,9/11/1995,ADMU
KELLAN,HOLLOWAY,11/23/1994,ADMU
ROSALIE,DUKE,11/6/1993,ADMU
CRYSTAL,TILLMAN,5/20/1992,ADMU
LAMAR,MIDDLETON,7/30/1992,ADMU
KYSON,HALE,8/5/1997,ADMU
KARSON,SWEET,10/8/1997,ADMU
HAYDEN,WALTERS,3/28/1998,ADMU
CHARLI,BUCKNER,11/10/1995,ADMU
AUBRI,TRAN,9/22/1994,ADMU
GAVYN,MCGEE,8/11/1992,ADMU
TEMPERANCE,PRINCE,8/7/1998,ADMU
CAMERON,RIDDLE,9/23/1993,ADMU
ALEXANDER,HURST,9/10/1998,ADMU
BRILEY,MILLER,6/13/1996,ADMU
CECILIA,DUNCAN,12/5/1996,ADMU
MALAYA,OSBORN,1/26/1995,ADMU
BRONSON,LONG,6/25/1992,ADMU
DRAVEN,DODSON,8/24/1992,ADMU
JENNY,HOOD,3/28/1992,ADMU
ROYCE,CARDENAS,2/4/1997,ADMU
GAGE,SLOAN,8/22/1994,ADMU
ZION,ZAMORA,10/15/1997,ADMU
JACOB,MORENO,10/1/1996,ADMU
JAYDIN,STOUT,3/9/1996,ADMU
WILLOW,GRANT,9/6/1992,ADMU
COHEN,MARSHALL,7/3/1994,ADMU
LARRY,FLOYD,9/30/1994,ADMU
TATUM,CHANDLER,7/11/1995,ADMU
LAYTON,PARK,2/15/1992,ADMU
BRENDAN,HENDRICKS,10/5/1997,ADMU
MAXIMILIANO,COCHRAN,6/26/1995,ADMU
CESAR,LOWERY,3/21/1998,ADMU
BRYLEIGH,BRYANT,1/1/1997,ADMU
LEIA,MEDINA,5/15/1996,ADMU
URIJAH,HURLEY,2/27/1993,ADMU
DARIEN,RAMOS,6/17/1993,ADMU
MATTHIAS,THOMAS,7/28/1996,ADMU
KADENCE,MURRAY,3/27/1996,ADMU
MIGUEL,STEVENSON,8/28/1998,ADMU
RAY,LITTLE,11/14/1995,ADMU
MAE,ACEVEDO,9/18/1998,ADMU
THEODORE,WELLS,10/9/1994,ADMU
ABRAHAM,MUNOZ,7/7/1995,ADMU
GAIGE,GIBSON,11/25/1993,ADMU
SELAH,NIXON,12/29/1993,ADMU
KADE,ROTH,12/9/1995,ADMU
HEATH,BARTON,1/7/1992,ADMU
JULIEN,BERRY,2/22/1997,ADMU
WESTON,STRONG,7/28/1996,ADMU
TRISTIN,LIVINGSTON,8/22/1998,ADMU
MILAGROS,NIXON,8/6/1995,ADMU
BRYCEN,KANE,7/16/1992,ADMU
LUKAS,COLON,10/14/1994,ADMU
JANAE,CHANEY,3/23/1996,ADMU
KAMARI,WEBER,1/8/1996,ADMU
ENOCH,BAUER,4/30/1997,ADMU
JAYDE,YANG,2/25/1997,ADMU
XZAVIER,TANNER,7/26/1992,ADMU
DIANA,CLEMONS,9/3/1996,ADMU
TODD,DIXON,4/22/1993,ADMU
MALIA,HURST,5/4/1994,ADMU
BRENDON,MCMILLAN,10/16/1993,ADMU
CAMILA,SARGENT,10/19/1995,ADMU
BROOKE,CHURCH,4/22/1996,ADMU
BRIAN,FINLEY,9/16/1998,ADMU
ALIZA,WHITLEY,10/15/1998,ADMU
MANUEL,BLACK,9/2/1995,ADMU
DAKOTA,CARR,11/20/1997,ADMU
LEA,ALLISON,3/3/1993,ADMU
HADASSAH,JIMENEZ,9/12/1993,ADMU
LAYLAH,HODGES,6/13/1997,ADMU
SAM,FREEMAN,3/16/1998,ADMU
ALYSSA,PACE,5/29/1997,ADMU
RONAN,WILLIS,4/17/1995,ADMU
HAIDEN,HANEY,7/15/1995,ADMU
JARED,BARRON,2/21/1993,ADMU
ALVARO,DOWNS,1/15/1994,ADMU
AMANI,HARMON,6/5/1996,ADMU
CARSON,NIELSEN,1/18/1998,ADMU
XANDER,LINDSEY,6/15/1995,ADMU
ADELE,NOEL,4/1/1998,ADMU
MAXX,FOLEY,1/8/1997,ADMU
HAVEN,WILLIAM,12/6/1996,ADMU
ALEXANDRA,DONOVAN,12/16/1997,ADMU
HEIDI,GEORGE,8/30/1997,ADMU
AIMEE,NORRIS,4/29/1997,ADMU
KELLEN,MEDINA,10/4/1998,ADMU
ASHTYN,MERRITT,9/29/1998,ADMU
CHANEL,RAYMOND,4/8/1992,ADMU
KAIA,SKINNER,2/22/1992,ADMU
ISABELLA,FOSTER,8/24/1997,ADMU
SHERLYN,ONEIL,8/9/1995,ADMU
ARMANI,BYRD,7/7/1996,ADMU
LILY,PADILLA,12/14/1996,ADMU
PRESTON,HERNANDEZ,5/31/1994,ADMU
SAVANNA,HOLT,9/11/1994,ADMU
JACOB,FITZGERALD,6/19/1995,ADMU
MOSES,GRAHAM,11/20/1993,ADMU
AURORA,FORD,8/24/1997,ADMU
BECKETT,MCMILLAN,5/18/1998,ADMU
QUINTON,REID,11/23/1995,ADMU
IVAN,RUIZ,8/2/1997,ADMU
MADELYNN,HARDING,6/11/1997,ADMU
JOHAN,WONG,7/21/1993,ADMU
MIKE,DONOVAN,3/7/1997,ADMU
AMIYAH,MARSHALL,10/7/1996,ADMU
HENRY,WARD,5/21/1992,ADMU
ABRAM,GRANT,4/27/1995,ADMU
ELLIS,BLACKWELL,12/10/1995,ADMU
FABIAN,GARZA,12/9/1995,ADMU
GEMMA,MCKINNEY,2/26/1993,ADMU
CARLEY,TILLMAN,12/26/1995,ADMU
AUBREE,WARREN,8/25/1992,ADMU
ISAAC,AGUILAR,12/8/1992,ADMU
ALFREDO,COFFEY,7/10/1996,ADMU
KEITH,ROY,11/21/1992,ADMU
CADE,PATE,6/12/1993,ADMU
BOSTON,CARDENAS,10/20/1995,ADMU
ARYAN,BOYER,12/31/1993,ADMU
COEN,DIAZ,9/1/1996,ADMU
TARA,BERRY,10/1/1994,ADMU
NASH,BALLARD,12/26/1995,ADMU
SAMUEL,BLACK,5/14/1993,ADMU
DANGELO,ROSE,10/3/1995,ADMU
CAYSON,HOOPER,1/26/1995,ADMU
LENNOX,CLAYTON,12/29/1992,ADMU
BAILEE,HUBER,9/25/1993,ADMU
SASHA,MERCER,1/4/1993,ADMU
MARIAM,HUTCHINSON,12/19/1997,ADMU
BEN,TILLMAN,9/5/1997,ADMU
EDWIN,JEFFERSON,10/14/1993,ADMU
EDWIN,SCOTT,8/27/1993,ADMU
JORDAN,WASHINGTON,7/7/1997,ADMU
RODNEY,CONNER,12/18/1994,ADMU
JACOB,GUERRERO,12/28/1992,ADMU
JAX,MCCALL,12/14/1998,ADMU
LANDON,BERG,2/23/1994,ADMU
EVE,MEJIA,6/27/1995,ADMU
DOROTHY,RUSSO,6/28/1993,ADMU
FRANK,BUSH,11/22/1993,ADMU
GAGE,POPE,6/4/1995,ADMU
ALEXZANDER,ROSS,8/8/1996,ADMU
KAMDEN,MASON,2/28/1992,ADMU
PRINCETON,GATES,3/1/1996,ADMU
ALFONSO,GUTHRIE,10/24/1993,ADMU
JAX,NASH,8/13/1994,ADMU
JASON,TUCKER,2/3/1993,ADMU
GAUGE,WOLFE,9/19/1997,ADMU
HENDRIX,MCDANIEL,7/2/1992,ADMU
BOBBY,GREER,10/22/1994,ADMU
GRACE,MCKAY,1/21/1993,ADMU
TIA,MOSLEY,10/13/1992,ADMU
DEANGELO,DAWSON,7/27/1992,ADMU
STEPHANIE,ENGLISH,4/18/1997,ADMU
DEMI,MCGOWAN,8/15/1993,ADMU
ELYSE,FIGUEROA,10/9/1993,ADMU
JAGGER,BOWERS,8/11/1993,ADMU
LUCIANO,LOWERY,1/6/1993,ADMU
LAURA,COPELAND,6/14/1992,ADMU
ADDILYN,DAVIS,6/23/1997,ADMU
ANNABELLE,BENNETT,9/2/1994,ADMU
ABIGAIL,BULLOCK,12/22/1996,ADMU
BRIDGER,CHANDLER,4/9/1998,ADMU
IRIS,WALLER,11/19/1992,ADMU
HAIDEN,JENKINS,7/31/1992,ADMU
HANNA,PAGE,2/22/1992,ADMU
KASEN,SELLERS,5/31/1995,ADMU
TRISTON,BERRY,8/16/1997,ADMU
HELENA,LIVINGSTON,5/2/1995,ADMU
ALAYA,MCMAHON,8/21/1997,ADMU
SASHA,HERRERA,6/26/1996,ADMU
CHERISH,ABBOTT,4/1/1993,ADMU
ZACHARY,WILKINSON,2/18/1993,ADMU
REBECCA,SOSA,4/22/1995,ADMU
ARYANA,THORNTON,10/19/1998,ADMU
BEATRICE,LEON,2/26/1998,ADMU
CHANNING,ALVAREZ,7/24/1997,ADMU
RAINA,GRAY,8/11/1992,ADMU
ISABEL,CLEMONS,7/11/1993,ADMU
ANSLEY,MCKAY,1/22/1995,ADMU
NATALIE,HEWITT,6/28/1998,ADMU
DREW,SHIELDS,11/2/1997,ADMU
PAMELA,ALLISON,5/23/1998,ADMU
STEVEN,FARLEY,11/14/1998,ADMU
MAXX,BUCK,2/18/1993,ADMU
GABRIELLE,COBB,9/25/1993,ADMU
JEFFREY,DODSON,11/25/1998,ADMU
BIANCA,OWENS,5/9/1992,ADMU
QUINTON,WEBSTER,5/14/1995,ADMU
EMILIANO,HOLDER,4/12/1998,ADMU
EAN,BARNETT,6/14/1994,ADMU
WILLIAM,WALL,10/25/1996,ADMU
JADE,FLETCHER,4/29/1997,ADMU
IZABELLA,TERRELL,4/9/1993,ADMU
FIONA,REILLY,6/20/1993,ADMU
BRINLEY,BUCKLEY,8/15/1994,ADMU
ETHEN,RUSSO,6/3/1995,ADMU
AURORA,DOUGLAS,3/12/1996,ADMU
QUINTEN,WARE,5/25/1992,ADMU
JUNE,MCKENZIE,4/1/1996,ADMU
ALEXANDER,CHAVEZ,2/7/1997,ADMU
GUNNAR,FULLER,1/18/1996,ADMU
JORDYN,DENNIS,3/14/1993,ADMU
ITZEL,EWING,5/31/1994,ADMU
COLTEN,SHAFFER,10/28/1993,ADMU
COHEN,AVILA,2/1/1997,ADMU
CELESTE,BENTON,2/7/1994,ADMU
RACHEL,MCMAHON,10/5/1996,ADMU
JAVION,MILES,6/28/1994,ADMU
ALFRED,HOLCOMB,8/24/1993,ADMU
BROGAN,GREEN,7/26/1996,ADMU
KYLAN,MEYERS,6/27/1994,ADMU
MYA,WAGNER,4/17/1995,ADMU
JABARI,NUNEZ,5/31/1996,ADMU
NOVA,BENDER,7/27/1994,ADMU
REUBEN,JOHNSON,3/19/1993,ADMU
FELIPE,HEWITT,10/10/1994,ADMU
GRAHAM,RILEY,8/26/1993,ADMU
PAMELA,RODRIQUEZ,4/5/1995,ADMU
DORIAN,WADE,6/29/1997,ADMU
GEORGE,ADKINS,6/13/1994,ADMU
SONNY,POOLE,5/29/1993,ADMU
ZAVIER,BERG,8/23/1997,ADMU
DAYANA,GLASS,1/8/1993,ADMU
ASA,CABRERA,4/4/1996,ADMU
JOEY,ANDERSON,8/15/1994,ADMU
TESSA,LE,4/22/1997,ADMU
MAE,BENDER,5/20/1994,ADMU
ISRAEL,HOLMAN,6/30/1993,ADMU
LATHAN,MURRAY,10/5/1998,ADMU
EDWARD,MARSHALL,7/4/1997,ADMU
EMELY,HERRERA,12/16/1992,ADMU
MCKENZIE,MAXWELL,6/16/1998,ADMU
DANA,WONG,12/15/1997,ADMU
SARIYAH,HAHN,3/20/1994,ADMU
JANESSA,WEBER,3/7/1996,ADMU
NAHLA,PERRY,1/26/1994,ADMU
WESTIN,BURTON,3/7/1992,ADMU
LEXI,CARR,2/19/1992,ADMU
FRANCISCO,MELTON,5/27/1992,ADMU
GALILEA,SPEARS,8/3/1998,ADMU
JAVION,THOMPSON,5/22/1996,ADMU
LESLY,MOORE,3/13/1998,ADMU
JONATHAN,WILLIAMS,3/13/1995,ADMU
ANDRE,FOLEY,5/29/1992,ADMU
AMELIA,CASH,2/5/1996,ADMU
JAYLA,ROBERTS,2/9/1997,ADMU
STEVE,LEACH,11/24/1992,ADMU
ALIZA,LEVINE,1/3/1992,ADMU
MYLES,HOLDEN,1/9/1996,ADMU
JAYDEN,ODOM,9/23/1994,ADMU
CELIA,VALENCIA,11/8/1995,ADMU
VALERIE,ODOM,5/2/1993,ADMU
RYDER,PUGH,7/3/1995,ADMU
BRYLEIGH,JOSEPH,2/16/1997,ADMU
RUTH,LYONS,10/14/1994,ADMU
JEREMIAH,HARVEY,7/12/1996,ADMU
DOMINIK,ROSA,7/14/1993,ADMU
BRODIE,WALTON,1/6/1995,ADMU
AIDAN,STOKES,9/27/1997,ADMU
ROYCE,MOSLEY,8/14/1994,ADMU
DAWSON,DICKSON,5/8/1996,ADMU
GABRIEL,ONEAL,12/21/1998,ADMU
SAMANTHA,SELLERS,5/8/1997,ADMU
BELEN,FRANKLIN,12/1/1994,ADMU
ADAN,STEWART,1/28/1998,ADMU
ELLIOT,OLSEN,2/16/1995,ADMU
FRANKIE,LEBLANC,2/20/1996,ADMU
KAYDEN,OLIVER,1/9/1996,ADMU
JESSICA,BARTON,9/2/1998,ADMU
KENDRA,HEWITT,12/9/1996,ADMU
HOLDEN,REYES,12/9/1994,ADMU
KENNY,BEASLEY,1/6/1996,ADMU
AMARI,ALFORD,4/19/1997,ADMU
DUSTIN,CONTRERAS,5/31/1994,ADMU
ANGELINE,GILLESPIE,11/18/1993,ADMU
DONOVAN,HART,12/17/1998,ADMU
JUNE,KNAPP,6/21/1994,ADMU
CHELSEA,ROGERS,4/1/1996,ADMU
ROSS,HENSLEY,11/26/1997,ADMU
DEVON,MEJIA,3/10/1994,ADMU
ADRIANNA,BARNES,11/28/1997,ADMU
LANA,PENA,1/1/1994,ADMU
FRANK,BLACKWELL,4/20/1993,ADMU
SETH,MELTON,12/12/1993,ADMU
ENRIQUE,MCKENZIE,3/31/1993,ADMU
ADAM,ESTRADA,12/25/1993,ADMU
ROCCO,RUSSO,10/27/1992,ADMU
NORA,AGUILAR,1/8/1993,ADMU
KODY,WHITFIELD,12/16/1997,ADMU
RYAN,ROSS,8/11/1993,ADMU
GRACIE,ATKINS,10/9/1992,ADMU
BO,POLLARD,9/8/1997,ADMU
DALTON,FRANKLIN,9/14/1995,ADMU
DALLAS,PIERCE,1/17/1998,ADMU
GIDEON,WALTER,9/18/1997,ADMU
JAIDYN,BREWER,11/18/1992,ADMU
BRAIDEN,MCINTYRE,8/7/1996,ADMU
DEANGELO,PHILLIPS,5/22/1998,ADMU
CHANA,SUTTON,12/4/1993,ADMU
SARAH,MCNEIL,5/4/1993,ADMU
CHARLEIGH,WALKER,9/1/1993,ADMU
ALENA,SANDOVAL,6/25/1996,ADMU
BRAYAN,WILDER,1/31/1994,ADMU
BRENNA,COLE,7/28/1994,ADMU
KEENAN,NORRIS,1/15/1992,ADMU
GUSTAVO,HANSON,10/8/1992,ADMU
CLARISSA,SOTO,1/27/1994,ADMU
LAURYN,HAWKINS,5/3/1992,ADMU
RAMIRO,BUCHANAN,3/5/1993,ADMU
FATIMA,HEWITT,6/14/1998,ADMU
DEEGAN,CHEN,3/10/1993,ADMU
BRANDON,WISE,11/20/1997,ADMU
KARLEE,LOPEZ,6/7/1995,ADMU
ALICE,DIXON,11/13/1995,ADMU
KAIDEN,MULLINS,7/26/1996,ADMU
DARIEN,SWEENEY,3/10/1996,ADMU
AUDRINA,BAXTER,3/1/1994,ADMU
GENESIS,HERNANDEZ,11/23/1998,ADMU
MONICA,MILES,10/27/1992,ADMU
RANDALL,KNIGHT,1/14/1992,ADMU
TY,HOLDEN,10/14/1996,ADMU
DREW,KAUFMAN,11/11/1996,ADMU
BRAXTON,POTTS,6/1/1996,ADMU
TITUS,SMALL,6/7/1995,ADMU
LEIGHTON,CLINE,5/24/1997,ADMU
JADYN,BENTLEY,4/12/1995,ADMU
REAGAN,MCMILLAN,6/14/1998,ADMU
LILA,HOLMES,5/2/1995,ADMU
CONOR,DELEON,10/26/1992,ADMU
ERICA,MOON,6/25/1995,ADMU
EILEEN,NEWMAN,10/18/1998,ADMU
ARYAN,OWEN,11/21/1997,ADMU
CAMERON,MCINTYRE,10/8/1995,ADMU
BRICE,MACK,11/7/1997,ADMU
TRYSTAN,DAUGHERTY,2/25/1997,ADMU
JEFFERY,DEAN,6/29/1997,ADMU
ROGELIO,BARNETT,9/21/1992,ADMU
AUGUST,CONLEY,8/22/1998,ADMU
MALIAH,AUSTIN,7/1/1995,ADMU
JOSIAH,MAYS,1/14/1996,ADMU
NICOLE,GRIFFIN,4/19/1992,ADMU
FERNANDA,VANCE,1/9/1992,ADMU
CHANNING,FAULKNER,11/8/1994,ADMU
LIZBETH,MCCRAY,12/26/1996,ADMU
HALLE,COBB,8/17/1994,ADMU
PRINCETON,CHURCH,9/23/1996,ADMU
ERNESTO,SYKES,11/11/1994,ADMU
ALLISON,MARSHALL,12/7/1994,ADMU
JULIEN,CABRERA,1/28/1997,ADMU
KYRA,CALLAHAN,4/6/1993,ADMU
RUBEN,CALLAHAN,11/8/1998,ADMU
KAIA,SHAW,7/19/1993,ADMU
ALAYNA,CARDENAS,2/9/1998,ADMU
ISSAC,HALL,2/28/1994,ADMU
BRYNN,HUMPHREY,8/19/1992,ADMU
ZANE,COHEN,7/13/1992,ADMU
SIDNEY,WILLIS,11/25/1993,ADMU
DANNA,HOLT,9/5/1997,ADMU
DESIREE,MIRANDA,11/16/1992,ADMU
AGUSTIN,BARBER,6/5/1992,ADMU
MAXIM,HOLT,3/27/1996,ADMU
ROWEN,PUGH,5/9/1995,ADMU
HUGH,HUNTER,7/19/1993,ADMU
TY,DRAKE,10/7/1998,ADMU
KAYSON,ROY,2/19/1998,ADMU
ORION,PARRISH,2/3/1998,ADMU
AHMED,MERRILL,1/24/1998,ADMU
HOPE,PEREZ,7/6/1996,ADMU
KAEDEN,COTTON,2/7/1994,ADMU
SKYLAR,DAUGHERTY,4/25/1995,ADMU
ROBERT,HILL,8/5/1996,ADMU
JULIANNA,FARMER,2/3/1995,ADMU
BIANCA,GREGORY,3/14/1992,ADMU
SASHA,PRINCE,12/31/1996,ADMU
MARITZA,LARSON,6/15/1992,ADMU
BRAYLEN,HINES,9/18/1994,ADMU
ARIELLE,BURGESS,7/13/1995,ADMU
BRAYLIN,ALSTON,12/25/1997,ADMU
GRAYSEN,WILEY,11/21/1995,ADMU
WHITNEY,HOGAN,4/21/1996,ADMU
EVIE,HOWE,2/4/1993,ADMU
TRIPP,LEVINE,12/16/1995,ADMU
SHARON,BYRD,7/12/1992,ADMU
CHARLOTTE,DENNIS,7/22/1992,ADMU
MAKHI,FERNANDEZ,1/3/1996,ADMU
MALACHI,THOMPSON,5/30/1992,ADMU
COREY,NIXON,5/6/1996,ADMU
KRISTINA,SOSA,7/20/1995,ADMU
KAIRI,EDWARDS,10/5/1994,ADMU
STERLING,BROWN,4/27/1996,ADMU
RAYAN,SCHMIDT,3/26/1993,ADMU
BRYANNA,BARNES,4/25/1996,ADMU
TAMIA,REILLY,11/19/1996,ADMU
ALEXANDRA,PATTON,4/20/1995,ADMU
LAUREL,WEEKS,10/14/1992,ADMU
BRENNA,HYDE,8/28/1998,ADMU
NINA,EVERETT,12/10/1994,ADMU
MELISSA,KELLEY,3/13/1998,ADMU
MIKAYLA,BROOKS,12/27/1992,ADMU
BLAISE,UNDERWOOD,1/20/1993,ADMU
MICHAELA,JOHNSTON,8/7/1996,ADMU
LACEY,TERRY,6/21/1998,ADMU
BRENNA,PERRY,5/17/1992,ADMU
TALIYAH,SCHNEIDER,3/20/1992,ADMU
MAVERICK,MERCADO,8/25/1997,ADMU
KAYDEN,HOUSTON,3/24/1993,ADMU
DANIELLA,WASHINGTON,10/29/1996,ADMU
ADRIEL,SALINAS,2/21/1996,ADMU
ODIN,KERR,9/5/1996,ADMU
SCARLETT,KIDD,10/21/1992,ADMU
BRYSEN,STEELE,11/1/1997,ADMU
CELESTE,SHEPARD,10/26/1994,ADMU
DILLON,OLSEN,5/10/1996,ADMU
DEANNA,HARRISON,7/27/1997,ADMU
KIMBERLY,SAUNDERS,5/18/1998,ADMU
DELANEY,SMALL,5/17/1996,ADMU
IVAN,HOLT,7/8/1995,ADMU
LAURYN,JUAREZ,9/8/1995,ADMU
KEEGAN,ROGERS,12/11/1993,ADMU
CAYDENCE,PAGE,8/19/1992,ADMU
CINDY,CASH,1/4/1994,ADMU
MCKENNA,HARRINGTON,4/12/1993,ADMU
TARAJI,RHODES,12/11/1997,ADMU
LINDSAY,COCHRAN,4/25/1996,ADMU
CRUZ,HINTON,4/18/1998,ADMU
ALAYAH,PENNINGTON,11/13/1993,ADMU
LENA,MCLEAN,7/11/1994,ADMU
CALVIN,SOLIS,12/11/1997,ADMU
SYLVIA,BLACK,2/15/1994,ADMU
ALVIN,DODSON,5/27/1993,ADMU
JAIDEN,FREDERICK,2/13/1997,ADMU
MIAH,ALLISON,2/17/1996,ADMU
LEONA,LANE,3/28/1996,ADMU
MAURICIO,COHEN,8/31/1997,ADMU
ANIKA,DALTON,9/28/1996,ADMU
DEREK,NEWTON,4/6/1994,ADMU
CODY,CALDERON,1/19/1994,ADMU
LARISSA,EWING,10/14/1996,ADMU
ROWAN,HARDING,3/21/1993,ADMU
CRISTOPHER,HOOVER,1/23/1992,ADMU
CAMILLE,FRAZIER,5/11/1997,ADMU
ZARIA,HALL,1/14/1995,ADMU
LIV,GARDNER,8/8/1996,ADMU
MATTHEW,FERGUSON,11/21/1995,ADMU
MATTHIAS,REYNOLDS,5/11/1996,ADMU
GIOVANNI,WADE,7/11/1993,ADMU
KASON,FRANK,2/13/1996,ADMU
EMILIE,GARDNER,2/24/1994,ADMU
RALPH,BURTON,4/13/1993,ADMU
EAN,COOKE,4/17/1997,ADMU
MOHAMMAD,TILLMAN,10/21/1998,ADMU
JEROME,TRAN,9/21/1993,ADMU
LILLIE,OWEN,8/5/1992,ADMU
LORELAI,LYNN,10/5/1995,ADMU
ASHLEY,FIGUEROA,2/11/1995,ADMU
ANNABELLE,HICKMAN,9/22/1998,ADMU
JULIEN,GROSS,6/8/1993,ADMU
JADA,MCCRAY,9/23/1992,ADMU
STEVEN,HARDING,10/20/1997,ADMU
JULIEN,KIDD,7/13/1993,ADMU
ANALIA,BLACK,10/22/1992,ADMU
MARCOS,MORSE,3/19/1997,ADMU
ELVIS,PARRISH,10/25/1998,ADMU
BRYANT,HAHN,5/7/1998,ADMU
MEKHI,REID,6/17/1998,ADMU
ULISES,KENNEDY,5/2/1996,ADMU
DOROTHY,DILLON,10/24/1998,ADMU
LUKA,WELCH,2/18/1998,ADMU
YARELI,DURAN,8/14/1994,ADMU
AMAYA,MERCADO,12/21/1992,ADMU
CALVIN,HOLMES,7/13/1996,ADMU
BRAYDON,DUNLAP,3/7/1998,ADMU
DELILAH,CHEN,4/9/1993,ADMU
RODOLFO,SINGLETON,2/17/1998,ADMU
ALISSON,TALLEY,7/13/1997,ADMU
REESE,HOOVER,5/19/1997,ADMU
ELIN,GUERRA,6/1/1997,ADMU
ABBEY,WHEELER,4/20/1994,ADMU
DEVON,HOLT,1/21/1996,ADMU
LUCA,HOPKINS,4/13/1992,ADMU
GUSTAVO,HOOPER,4/6/1992,ADMU
DAWSON,PATTERSON,10/3/1997,ADMU
KADE,KIRK,9/21/1996,ADMU
GIOVANNY,TORRES,5/15/1994,ADMU
XANDER,HANSEN,11/2/1997,ADMU
PAULINA,HANSEN,5/24/1997,ADMU
LUCIANA,VAUGHAN,7/1/1997,ADMU
STEPHEN,HOLMAN,8/5/1994,ADMU
SALVATORE,FARMER,4/4/1994,ADMU
QUINTEN,SPENCER,1/16/1997,ADMU
AYDEN,BOYLE,4/26/1992,ADMU
CURTIS,HUGHES,1/9/1997,ADMU
JAIDA,BRADSHAW,5/31/1996,ADMU
ASHLYNN,FRANCO,3/4/1992,ADMU
MAURICIO,BLAKE,5/4/1995,ADMU
HAYLEE,HART,3/7/1998,ADMU
SOLOMON,MULLINS,2/6/1997,ADMU
PEYTON,SNOW,1/8/1997,ADMU
KAYDEN,BAIRD,11/18/1996,ADMU
AINSLEY,HENDRIX,2/14/1995,ADMU
BRYANNA,BARRETT,7/2/1993,ADMU
ZAYNE,MARQUEZ,6/28/1992,ADMU
KATHERINE,WAGNER,8/4/1993,ADMU
ANDERS,ONEILL,3/7/1995,ADMU
AMANDA,STEELE,4/27/1997,ADMU
HAILEY,STEELE,6/17/1995,ADMU
JAIRO,JEFFERSON,1/26/1994,ADMU
REGAN,WOLFE,4/19/1995,ADMU
ALEXIS,LYNCH,1/6/1995,ADMU
DANNY,VALDEZ,2/23/1995,ADMU
AMARA,THOMAS,3/20/1993,ADMU
EMILIO,GUZMAN,6/13/1994,ADMU
ALEXIA,MILLER,10/8/1996,ADMU
CORINNE,CALLAHAN,7/30/1998,ADMU
EVE,STOKES,10/25/1996,ADMU
KELLAN,WATSON,1/25/1992,ADMU
FRANCO,DORSEY,4/19/1998,ADMU
NICOLE,STEWART,8/14/1996,ADMU
BROCK,BOYER,10/6/1995,ADMU
CONNER,BURKS,11/19/1995,ADMU
COLTEN,ROLLINS,7/11/1993,ADMU
LONDON,MCCARTHY,1/14/1998,ADMU
ELIAS,EWING,8/12/1994,ADMU
KARA,PETERSEN,2/24/1993,ADMU
CARLA,VEGA,3/11/1995,ADMU
KEYON,MAYER,2/20/1997,ADMU
ANGELINA,HAMILTON,6/23/1997,ADMU
AMALIA,GALLEGOS,5/21/1997,ADMU
MEADOW,MCCOY,12/8/1993,ADMU
BARRETT,MILLS,3/6/1996,ADMU
PIERCE,HESTER,5/18/1992,ADMU
SHANE,CHERRY,1/24/1993,ADMU
GRADY,SOTO,5/9/1995,ADMU
PHILLIP,MURRAY,3/9/1996,ADMU
GRANT,HEBERT,4/1/1996,ADMU
LUCIA,CLARKE,1/24/1993,ADMU
CALE,CAREY,12/2/1996,ADMU
HAYLIE,SHEPHERD,2/3/1997,ADMU
JULIAN,CUNNINGHAM,9/7/1996,ADMU
DEMI,BOONE,4/15/1996,ADMU
ELEANOR,LARSEN,3/30/1994,ADMU
JANET,KNAPP,1/9/1995,ADMU
DOMINICK,MERCER,5/16/1996,ADMU
JAYDEN,AGUILAR,9/27/1998,ADMU
MATTHEW,ROSARIO,12/8/1998,ADMU
LILIA,MEADOWS,5/22/1996,ADMU
CADE,BOWEN,3/31/1993,ADMU
KYNDALL,BOOTH,4/29/1995,ADMU
TERRENCE,COOK,3/16/1993,ADMU
TREVON,CHARLES,4/6/1995,ADMU
ELLIS,STARK,2/10/1995,ADMU
WARREN,WOLFE,5/27/1992,ADMU
JOSIE,TALLEY,6/20/1997,ADMU
BLAISE,WHITE,8/4/1992,ADMU
MALEAH,HANEY,4/26/1992,ADMU
BENTLEY,WALTER,8/1/1995,ADMU
JAKAYLA,SWANSON,11/24/1992,ADMU
LOLA,PEREZ,4/8/1995,ADMU
CORBAN,SHERMAN,5/18/1994,ADMU
RUTH,ODONNELL,8/4/1995,ADMU
LONDON,STARK,6/27/1997,ADMU
JOEY,WOOD,3/8/1995,ADMU
JARON,KIRBY,1/3/1995,ADMU
MAURICE,FERRELL,3/9/1997,ADMU
PEARL,ROBLES,1/28/1998,ADMU
HARVEY,LOVE,10/13/1995,ADMU
FABIAN,CALDERON,8/11/1996,ADMU
DANNA,WEAVER,11/20/1993,ADMU
JASMINE,JUAREZ,11/26/1996,ADMU
MATTIE,MULLINS,1/10/1994,ADMU
JAYDEN,BURTON,7/1/1994,ADMU
LEONARDO,KNIGHT,11/19/1998,ADMU
SOREN,RILEY,4/1/1998,ADMU
MAXWELL,HOLLOWAY,10/28/1998,ADMU
ESMERALDA,ROSE,1/28/1997,ADMU
WENDY,HICKMAN,10/10/1998,ADMU
JAMES,AVERY,9/25/1996,ADMU
MADILYN,CHAVEZ,7/21/1994,ADMU
AIYANA,BLANKENSHIP,12/7/1992,ADMU
JOHAN,KELLY,12/9/1996,ADMU
RACHEL,GRIFFITH,7/17/1996,ADMU
BOWEN,HARRINGTON,12/28/1996,ADMU
SIDNEY,EDWARDS,5/30/1992,ADMU
HENDRIX,HUGHES,12/20/1993,ADMU
AVIANA,REEVES,5/2/1995,ADMU
JAYDON,HARTMAN,2/28/1998,ADMU
LENNON,CLINE,12/22/1992,ADMU
KYNDALL,POWERS,8/25/1997,ADMU
DARWIN,PATTERSON,10/4/1993,ADMU
MAYA,WALLER,12/9/1995,ADMU
MADDISON,HERNANDEZ,11/15/1995,ADMU
TALIYAH,ROWLAND,9/8/1995,ADMU
DANIELLE,JUSTICE,5/30/1993,ADMU
ETHAN,GOOD,8/16/1994,ADMU
CHANEL,WALLACE,10/14/1992,ADMU
ADYSON,CLAYTON,1/25/1998,ADMU
ARYAN,MENDEZ,9/2/1994,ADMU
ANNA,FLYNN,9/8/1995,ADMU
RAELYN,GARZA,9/14/1993,ADMU
DESMOND,GAMBLE,7/20/1997,ADMU
KASON,WATTS,11/8/1993,ADMU
ELLIANA,FERGUSON,1/4/1996,ADMU
OTTO,HIGGINS,8/23/1992,ADMU
THALIA,GONZALEZ,6/2/1993,ADMU
MAIA,VAUGHAN,1/11/1993,ADMU
MELINA,JUSTICE,3/1/1995,ADMU
EDEN,HERRERA,12/30/1996,ADMU
APRIL,MASSEY,9/9/1998,ADMU
LAILA,HATFIELD,4/13/1996,ADMU
HUDSON,SKINNER,6/23/1992,ADMU
RILEY,BLANKENSHIP,8/16/1993,ADMU
RODOLFO,HERNANDEZ,2/6/1997,ADMU
KASON,MORRIS,4/9/1998,ADMU
LILIAN,PARSONS,4/22/1996,ADMU
DAVON,VALENCIA,4/17/1994,ADMU
EDITH,DYER,11/16/1993,ADMU
KAELYN,HARDING,3/26/1995,ADMU
LEWIS,FRYE,5/24/1995,ADMU
ANIKA,DICKERSON,3/28/1998,ADMU
JEFFERY,ALSTON,9/19/1996,ADMU
JORDAN,LOTT,9/26/1994,ADMU
JANELLE,BEASLEY,9/10/1994,ADMU
CARLEE,HOWE,7/29/1992,ADMU
DREW,FOLEY,7/17/1997,ADMU
JAVION,SAMPSON,11/15/1993,ADMU
GAIGE,WILKINSON,6/4/1993,ADMU
SKYLAR,YOUNG,5/14/1997,ADMU
CARLEE,DAVENPORT,3/27/1994,ADMU
RENATA,KIDD,2/15/1998,ADMU
SILAS,TERRELL,2/19/1997,ADMU
MELVIN,CANNON,10/25/1995,ADMU
EMERY,HUNT,7/6/1998,ADMU
NATHALY,HEAD,11/28/1992,ADMU
JUSTUS,BEST,10/29/1997,ADMU
QUENTIN,CAMACHO,9/5/1997,ADMU
ELIN,WYNN,3/20/1994,ADMU
SAMUEL,MARKS,1/20/1992,ADMU
SAGE,CASE,2/17/1998,ADMU
JULIAN,WARREN,12/15/1996,ADMU
CONNOR,DAVENPORT,5/7/1997,ADMU
ALFONSO,JOHNS,4/3/1997,ADMU
NEHEMIAH,GALLEGOS,6/14/1997,ADMU
ALIMURONG,AVA DANICA,1/28/1990,DLSU
BALDEMOR,DEANNE CAYNE,3/28/1990,DLSU
BALUCA,KARL MIKHAIL,2/28/1992,DLSU
BANAWA,YURI,5/9/1990,DLSU
BANDA,VEEYAY REXEL,8/5/1990,DLSU
BARIN,LAURENCE DARYL,8/7/1990,DLSU
BARROS,RENZELL DAVID,3/7/1992,DLSU
CAMILON,VINCENT UILAP,3/16/1992,DLSU
CAÃ±ARES,RAFFY,10/31/1990,DLSU
CAPISTRANO,NEIL CYDRIC,9/28/1990,DLSU
CASAS,PAULA ANDREA,4/28/1992,DLSU
CAUYAO,BIANCA MARIE,8/29/1992,DLSU
CAYABYAB,GEORGE JOSE,9/30/1990,DLSU
CENTENO,AZTEC DANIEL,10/25/1992,DLSU
CERENO IV,RAMON JERICHO,11/6/1990,DLSU
COBANKIAT,RALPH REINIER,11/6/1992,DLSU
DAGUNTON,DOMINIQUE,2/16/1991,DLSU
DE GUZMAN,ALVIN,6/24/1991,DLSU
DELA CRUZ,KEVIN MICHAEL,1/26/1993,DLSU
DIAZ,GIAN BERNNICE,7/21/1991,DLSU
DIVINAGRACIA,JONAS LANZ,2/17/1993,DLSU
EBOL,KURT RYU JOSEF,11/6/1991,DLSU
ESPIRITU,ALEXANDER JR.,12/17/1991,DLSU
FERNANDEZ,FRANCIS JOHN,12/19/1991,DLSU
FLORES,MARKUS LUIS,4/20/1993,DLSU
FRANCISCO,ANTONIO JORGE,3/30/1992,DLSU
GALANG,PAUL ARMAND,4/12/1992,DLSU
GELLADA,LORENZO,6/13/1993,DLSU
ISIDRO,REYNALDO MIGUEL,4/16/1992,DLSU
ISLETA,TIMOTHY LAWRENCE,6/10/1992,DLSU
JARINA,PAUL JASON,7/3/1993,DLSU
KING,HANNIE RACHEL,12/16/1993,DLSU
LAGUIO,JULIANO,7/10/1992,DLSU
LAID,ANA FRANCESCA,4/26/1994,DLSU
LARIZA,CHRISTIAN JASPER,11/16/1994,DLSU
LIBED,KARMELA LOUISE,9/14/1993,DLSU
LIMHEYA,ALDRICH,4/22/1990,DLSU
LOPEZ/POZAS,JULIA ANASTASHA,5/13/1990,DLSU
MAGTOTO,ALIANA,11/22/1993,DLSU
MALABUYO,KARL ISAAC,11/26/1993,DLSU
MARIANO,JOSE GABRIEL,7/28/1990,DLSU
MEDINA,FRANCES ADRIANNE,4/23/1994,DLSU
MENDOZA,LOURDES,9/24/1992,DLSU
MENDOZA,RONNEL,12/23/1994,DLSU
METHARAM,JOHN CARLO,9/23/1990,DLSU
MIGUEL,JOHN CHRISTIAN,1/31/1991,DLSU
MOLINA,IEKO LO,6/7/1990,DLSU
OBLEPIAS,GIENOE,10/7/1990,DLSU
OÃ±ATE,KIM,12/11/1990,DLSU
ORDONES,JAN PAULINE MAE,11/9/1990,DLSU
PANALIGAN,JUSHMEL,3/17/1991,DLSU
PARAYNO,RICHARD LANCE,3/30/1991,DLSU
PAYUMO,RALITSA EDNA,5/16/1991,DLSU
PEREZ,SEAN,7/29/1991,DLSU
RANARIO,DANIEL,8/25/1991,DLSU
REYES,CHRISTIAN GLENN,5/11/1991,DLSU
RICAFORT,JULIENNE MICHAELA,10/7/1991,DLSU
SAMONTINA,TIMOTHY PIERCE,11/8/1991,DLSU
SAN PEDRO,ELIJAH,1/20/1993,DLSU
SANTOS,CHRISTIN,1/12/1990,DLSU
SAYSON,RAFAEL SANTIAGO,2/3/1990,DLSU
SILAN,CHRISTIAN ERIN FAITH,3/31/1990,DLSU
SONGCO,MARIA GERALDINE,4/17/1990,DLSU
TAN,ANGEL PHONZO,4/22/1990,DLSU
TAN,ARVIN LAUREN,5/13/1990,DLSU
TAN,CARL AARON,7/14/1993,DLSU
TAN,CATHRINA ELOISA,8/28/1993,DLSU
TAN,ELIZABETH,1/31/1994,DLSU
TANENGGEE,MARC GLENNRICK,10/20/1991,DLSU
TAYONG,DENMARK,3/19/1994,DLSU
TIN,DARRELL DANE,6/17/1994,DLSU
TOLERAN JR.,MANUEL CARL,11/20/1991,DLSU
YOUNG,ROBIN,1/23/1992,DLSU
ZAMORA,ABIGAIL,6/20/1994,DLSU
KAYSON,RIGGS,2/12/1995,DLSU
EZRA,MCLEAN,1/6/1986,DLSU
WHITNEY,BRYAN,2/5/1988,DLSU
BRYCEN,ORTEGA,8/30/2010,ADMU
ADELE,ALEXANDER,5/6/1988,ADMU
SERGIO,CASTRO,1/28/1989,ADMU
CELESTE,NASH,12/12/2000,LPU
AUDREY,HOFFMAN,11/8/1997,MIT
BAILEY,PIERCE,7/11/2004,MIT
MILES,FARMER,4/8/2010,MIT
MESSIAH,TERRY,12/12/2006,DLSU
ARABELLA,OSBORNE,9/27/1993,DLSU
NATALEE,NAVARRO,11/30/2005,DLSU
APRIL,SANCHEZ,2/15/1999,DLSU
JOSE,HODGE,11/17/2004,ADMU
CANNON,MARQUEZ,7/12/2000,ADMU
GUNNER,PENNINGTON,10/23/1990,UST
JORDAN,WILEY,9/1/2007,UST
RAVEN,AVILA,1/13/2008,DLSU
ALIA,CALLAHAN,6/23/1995,UP
TIANA,PATTERSON,2/17/2007,LPU
AUBRI,GUTIERREZ,2/19/1989,UST
VALENTINA,MACK,5/21/1996,UST
DARWIN,WINTERS,1/14/1988,DLSU
ZAIN,SPENCER,8/25/1986,DLSU
TATIANA,MCNEIL,8/3/1994,UST
YEHUDA,GRIFFITH,8/14/1999,UP
CECELIA,RHODES,3/25/1992,LPU
OLIVIA,HODGE,6/26/1994,LPU
LESLIE,SPARKS,9/6/1998,UP
HANK,LLOYD,6/2/1988,LPU
LEIGHTON,DANIEL,1/7/1993,LPU
MADISYN,BARRERA,11/11/1996,UP
PRISCILLA,SNOW,6/16/1989,STI
KENZIE,DEJESUS,7/9/1985,STI
BRAYLIN,REESE,5/10/1985,UST
MAJOR,GILMORE,5/6/1995,UP
AMIYA,MCCOY,9/7/1999,UP
ANGEL,CHAN,4/3/2002,UP
MICHAEL,FUENTES,9/9/2006,LPU
LINA,CARSON,11/12/2009,STI
EMILIE,JOYCE,10/5/1992,DLSU
RUBEN,DENNIS,4/12/1998,ADMU
RYDER,LEACH,2/25/1992,ADMU
RIHANNA,BLAIR,7/25/2004,STI
JOLENE,RICE,9/2/1990,STI
SHELBY,STEIN,3/30/1997,MIT
CHARLEE,NICHOLSON,11/11/2004,LPU
BREANNA,HUGHES,3/9/2007,DLSU
