name,surname,birthday,University
KAYSON,RIGGS,2/12/1995,DLSU
EZRA,MCLEAN,1/6/1986,DLSU
WHITNEY,BRYAN,2/5/1988,DLSU
BRYCEN,ORTEGA,8/30/2010,ADMU
ADELE,ALEXANDER,5/6/1988,ADMU
SERGIO,CASTRO,1/28/1989,ADMU
CELESTE,NASH,12/12/2000,LPU
AUDREY,HOFFMAN,11/8/1997,MIT
BAILEY,PIERCE,7/11/2004,MIT
MILES,FARMER,4/8/2010,MIT
MESSIAH,TERRY,12/12/2006,DLSU
ARABELLA,OSBORNE,9/27/1993,DLSU
NATALEE,NAVARRO,11/30/2005,DLSU
APRIL,SANCHEZ,2/15/1999,DLSU
JOSE,HODGE,11/17/2004,ADMU
CANNON,MARQUEZ,7/12/2000,ADMU
GUNNER,PENNINGTON,10/23/1990,UST
JORDAN,WILEY,9/1/2007,UST
RAVEN,AVILA,1/13/2008,DLSU
ALIA,CALLAHAN,6/23/1995,UP
TIANA,PATTERSON,2/17/2007,LPU
AUBRI,GUTIERREZ,2/19/1989,UST
VALENTINA,MACK,5/21/1996,UST
DARWIN,WINTERS,1/14/1988,DLSU
ZAIN,SPENCER,8/25/1986,DLSU
TATIANA,MCNEIL,8/3/1994,UST
YEHUDA,GRIFFITH,8/14/1999,UP
CECELIA,RHODES,3/25/1992,LPU
OLIVIA,HODGE,6/26/1994,LPU
LESLIE,SPARKS,9/6/1998,UP
HANK,LLOYD,6/2/1988,LPU
LEIGHTON,DANIEL,1/7/1993,LPU
MADISYN,BARRERA,11/11/1996,UP
PRISCILLA,SNOW,6/16/1989,STI
KENZIE,DEJESUS,7/9/1985,STI
BRAYLIN,REESE,5/10/1985,UST
MAJOR,GILMORE,5/6/1995,UP
AMIYA,MCCOY,9/7/1999,UP
ANGEL,CHAN,4/3/2002,UP
MICHAEL,FUENTES,9/9/2006,LPU
LINA,CARSON,11/12/2009,STI
EMILIE,JOYCE,10/5/1992,DLSU
RUBEN,DENNIS,4/12/1998,ADMU
RYDER,LEACH,2/25/1992,ADMU
RIHANNA,BLAIR,7/25/2004,STI
JOLENE,RICE,9/2/1990,STI
SHELBY,STEIN,3/30/1997,MIT
CHARLEE,NICHOLSON,11/11/2004,LPU
BREANNA,HUGHES,3/9/2007,DLSU
